state,year,gdp,population,gdp_1000000,gdp_per_capita,research_spending,f500_count,f500_pct_change
Alabama,2006,199923900000.0,4628981,199923.9,43189.61343760106,7269.319,2,0.0
Alaska,2006,47546200000.0,675302,47546.2,70407.31406096827,10019.06,0,
Arizona,2006,296424400000.0,6029141,296424.4,49165.27910028974,37151.47100000001,4,0.33333333333333326
Arkansas,2006,114890400000.0,2821761,114890.4,40715.8508463332,4869.648,5,0.0
California,2006,2120435400000.0,36021202,2120435.4,58866.314344535196,145880.736,52,0.019607843137254832
Colorado,2006,268190800000.0,4720423,268190.8,56814.99306312167,8997.236,10,0.0
Connecticut,2006,269478599999.99997,3517460,269478.6,76611.70276278905,19209.064,13,0.0
Delaware,2006,68411800000.0,859268,68411.8,79616.37114381079,2812.102,1,-0.5
District of Columbia,2006,108848300000.0,570681,108848.3,190734.0528246078,1173.076,2,0.0
Florida,2006,909298900000.0,18166990,909298.9,50052.25962033336,42329.624,14,0.0
Georgia,2006,487524900000.0,9155813,487524.9,53247.581618366385,10620.188,17,0.0
Hawaii,2006,74892900000.0,1309731,74892.9,57181.89460278484,12067.849,0,
Idaho,2006,60738600000.0,1468669,60738.6,41356.221177133855,2280.873000000001,2,0.0
Illinois,2006,759825700000.0,12643955,759825.7,60093.989578419096,37184.281,32,-0.030303030303030276
Indiana,2006,312525500000.0,6332669,312525.5,49351.30827144132,6220.575,5,-0.16666666666666663
Iowa,2006,155704500000.0,2982644,155704.5,52203.51473390723,13564.062,2,0.0
Kansas,2006,136135799999.99998,2762931,136135.8,49272.24024052717,14348.384,1,-0.5
Kentucky,2006,186332600000.0,4219239,186332.6,44162.60847039004,17558.997,6,0.0
Louisiana,2006,247139700000.0,4302665,247139.7,57438.75016995281,11216.568,2,1.0
Maine,2006,59986000000.0,1323619,59986.0,45319.687916235715,17509.051,1,
Maryland,2006,329874000000.0,5627367,329874.0,58619.59953918058,24945.119,5,-0.16666666666666663
Massachusetts,2006,426926100000.0,6410084,426926.1,66602.26293446388,10729.419,9,-0.18181818181818177
Michigan,2006,483763600000.0,10036081,483763.6,48202.440773445334,75016.589,21,-0.045454545454545414
Minnesota,2006,302272700000.0,5163555,302272.7,58539.64952440712,6219.201,19,0.05555555555555558
Mississippi,2006,105879900000.0,2904978,105879.9,36447.74590375555,2744.882,0,
Missouri,2006,286558300000.0,5842704,286558.3,49045.4933195315,18465.303,10,-0.09090909090909094
Montana,2006,40055000000.0,952692,40055.0,42044.01842358286,8606.319,0,
Nebraska,2006,97322800000.0,1772693,97322.8,54901.102446955,5602.163,5,0.25
Nevada,2006,156297900000.0,2522658,156297.9,61957.62564723399,1397.463,2,-0.33333333333333337
New Hampshire,2006,71424500000.0,1308389,71424.5,54589.65185430327,2040.544,1,0.0
New Jersey,2006,555211000000.0,8661679,555211.0,64099.69706797031,25900.482,22,-0.08333333333333337
New Mexico,2006,88554500000.0,1962137,88554.5,45131.66002170083,3105.0,0,
New York,2006,1339568500000.0,19104631,1339568.5,70117.47570523608,103597.135,55,0.0185185185185186
North Carolina,2006,470663900000.0,8917270,470663.9,52781.16508752118,14344.31,14,0.07692307692307687
North Dakota,2006,30911400000.0,649422,30911.4,47598.325895950555,21062.09,0,
Ohio,2006,582637600000.0,11481213,582637.6,50747.042146156506,55068.629,28,-0.03448275862068961
Oklahoma,2006,149367100000.0,3594090,149367.1,41559.087279394786,8922.036,6,0.19999999999999996
Oregon,2006,177222400000.0,3670883,177222.4,48277.866660419306,7382.722,1,0.0
Pennsylvania,2006,626589900000.0,12510809,626589.9,50083.88346429076,117320.158,26,-0.03703703703703709
Rhode Island,2006,57415800000.0,1063096,57415.8,54008.10463024976,150.0,2,0.0
South Carolina,2006,187386100000.0,4357847,187386.1,42999.69686866015,22427.746,1,0.0
South Dakota,2006,39961600000.0,783033,39961.6,51034.37530729867,5791.585999999998,0,
Tennessee,2006,295668200000.0,6088766,295668.2,48559.62603916787,5355.0,7,0.0
Texas,2006,1225147300000.0,23359580,1225147.3,52447.31711785914,28019.645,56,0.16666666666666674
Utah,2006,127539400000.0,2525507,127539.4,50500.513362267455,3214.17,2,1.0
Vermont,2006,29420900000.0,622892,29420.9,47232.74660775865,1680.533,0,
Virginia,2006,451263100000.0,7673725,451263.1,58806.26423282044,11579.623,17,-0.05555555555555558
Washington,2006,372145000000.0,6370753,372145.0,58414.60185318753,22834.218,9,0.0
West Virginia,2006,68900000000.0,1827912,68900.0,37693.28063933056,6024.577,0,
Wisconsin,2006,287146600000.0,5577655,287146.6,51481.5993459617,10949.155,10,0.0
Wyoming,2006,36655600000.0,522667,36655.6,70131.84302816134,6326.603999999998,0,
Alabama,2007,202025500000.0,4672840,202025.5,43233.98618399089,9065.725,1,-0.5
Alaska,2007,50126700000.0,680300,50126.7,73683.2279876525,9526.1,0,
Arizona,2007,306611600000.0,6167681,306611.6,49712.6229453177,20442.635,4,0.0
Arkansas,2007,114026700000.0,2848650,114026.7,40028.32920857248,7658.199,5,0.0
California,2007,2168940400000.0,36250311,2168940.4,59832.32530060225,120641.324,52,0.0
Colorado,2007,278733800000.0,4803868,278733.8,58022.78497244304,11924.981,12,0.19999999999999996
Connecticut,2007,278485400000.0,3527270,278485.4,78952.10743719648,29285.71,11,-0.15384615384615385
Delaware,2007,68132399999.99999,871749,68132.4,78155.98297216285,2611.108,1,0.0
District of Columbia,2007,112287600000.0,574404,112287.6,195485.4074832348,2009.0,2,0.0
Florida,2007,922288300000.0,18367842,922288.3,50212.120727083784,51968.573,12,-0.1428571428571429
Georgia,2007,492238700000.0,9349988,492238.7,52645.91783433305,4886.946000000001,15,-0.11764705882352944
Hawaii,2007,76434100000.0,1315675,76434.1,58094.97026241283,22643.33,0,
Idaho,2007,61812100000.0,1505105,61812.1,41068.29756063531,2739.006,2,0.0
Illinois,2007,769571600000.0,12695866,769571.6,60615.920174330764,28372.676,33,0.03125
Indiana,2007,322661700000.0,6379599,322661.7,50577.1130756024,40534.381,5,0.0
Iowa,2007,162838100000.0,2999212,162838.1,54293.62779290027,6790.053000000002,1,-0.5
Kansas,2007,143586600000.0,2783785,143586.6,51579.62989239471,11752.696,1,0.0
Kentucky,2007,185790000000.0,4256672,185790.0,43646.77381766789,11960.634,6,0.0
Louisiana,2007,234216400000.0,4375581,234216.4,53528.06861534502,6587.314,3,0.5
Maine,2007,60032600000.0,1327040,60032.6,45237.97323366289,27525.552,1,0.0
Maryland,2007,331763500000.0,5653408,331763.5,58683.80629878473,40298.69100000001,6,0.19999999999999996
Massachusetts,2007,440373800000.0,6431559,440373.8,68470.77046171854,5600.189,10,0.11111111111111116
Michigan,2007,482935100000.0,10001284,482935.1,48287.30990940763,32849.159,22,0.04761904761904767
Minnesota,2007,304208000000.0,5207203,304208.0,58420.61467547933,10529.048,20,0.05263157894736836
Mississippi,2007,107713900000.0,2928350,107713.9,36783.137261597825,7343.892,0,
Missouri,2007,288320800000.0,5887612,288320.8,48970.75418692672,15567.277,10,0.0
Montana,2007,42057700000.0,964706,42057.7,43596.391024830365,8200.23,0,
Nebraska,2007,99780700000.0,1783440,99780.7,55948.44794330059,4043.48,5,0.0
Nevada,2007,157734300000.0,2601072,157734.3,60642.03528391371,1748.776,2,0.0
New Hampshire,2007,71943500000.0,1312540,71943.5,54812.42476419766,1685.178,0,-1.0
New Jersey,2007,560823800000.0,8677885,560823.8,64626.78406086276,19981.741,24,0.09090909090909083
New Mexico,2007,89392300000.0,1990070,89392.3,44919.17369740763,672.921,0,
New York,2007,1353798900000.0,19132335,1353798.9,70759.73214978726,128361.166,57,0.036363636363636376
North Carolina,2007,477920800000.0,9118037,477920.8,52414.87833400983,37607.109,14,0.0
North Dakota,2007,32529000000.0,652822,32529.0,49828.28397327296,9908.722,0,
Ohio,2007,585403000000.0,11500468,585403.0,50902.537183704175,114086.509,28,0.0
Oklahoma,2007,152879600000.0,3634349,152879.6,42065.195169753926,10731.05,4,-0.33333333333333337
Oregon,2007,180724300000.0,3722417,180724.3,48550.25645971421,7389.914,1,0.0
Pennsylvania,2007,649638100000.0,12563937,649638.1,51706.57095781362,103973.448,25,-0.038461538461538436
Rhode Island,2007,56230500000.0,1057315,56230.5,53182.35341407244,1771.949,2,0.0
South Carolina,2007,193386600000.0,4444110,193386.6,43515.25952327913,31969.826,1,0.0
South Dakota,2007,41646200000.0,791623,41646.2,52608.628096960296,5473.603,0,
Tennessee,2007,294819800000.0,6175727,294819.8,47738.476781761885,4549.998000000001,9,0.2857142857142858
Texas,2007,1288828700000.0,23831983,1288828.7,54079.79268867387,29650.94700000001,55,-0.017857142857142905
Utah,2007,133799799999.99998,2597746,133799.8,51506.11337675045,2752.228,1,-0.5
Vermont,2007,29296600000.0,623481,29296.6,46988.76148591537,1529.805,0,
Virginia,2007,457568900000.0,7751000,457568.9,59033.53115727003,15486.526,17,0.0
Washington,2007,394221900000.0,6461587,394221.9,61010.07384099293,23333.431,10,0.11111111111111116
West Virginia,2007,69374100000.0,1834052,69374.1,37825.59055032246,22179.83,0,
Wisconsin,2007,289855200000.0,5610775,289855.2,51660.45688875423,13774.6,9,-0.09999999999999998
Wyoming,2007,39504800000.0,534876,39504.8,73857.86612224142,19500.357,0,
Alabama,2008,200967400000.0,4718206,200967.4,42594.028323477185,10997.446,1,0.0
Alaska,2008,49926600000.0,687455,49926.6,72625.26274447054,8633.7835,0,
Arizona,2008,302277900000.0,6280362,302277.9,48130.64915684797,14903.288999999999,6,0.5
Arkansas,2008,113628000000.0,2874554,113628.0,39528.91474642675,9561.7065,4,-0.19999999999999996
California,2008,2192331799999.9998,36604337,2192331.8,59892.6788374831,210285.63650000002,52,0.0
Colorado,2008,281803300000.0,4889730,281803.3,57631.66882425001,13387.280999999999,10,-0.16666666666666663
Connecticut,2008,277793200000.0,3545579,277793.2,78349.1779480869,28922.381,11,0.0
Delaware,2008,65771300000.0,883874,65771.3,74412.5293876729,2147.335,1,0.0
District of Columbia,2008,116213700000.0,580236,116213.7,200286.95220565426,1248.2055,3,0.5
Florida,2008,891766900000.0,18527305,891766.9,48132.57513707471,59241.1645,14,0.16666666666666674
Georgia,2008,481860300000.0,9504843,481860.3,50696.292405881926,5774.9165,12,-0.19999999999999996
Hawaii,2008,76830200000.0,1332213,76830.2,57671.10814862188,18309.847,0,
Idaho,2008,63878200000.0,1534320,63878.2,41632.90578236613,5645.532,2,0.0
Illinois,2008,759095300000.0,12747038,759095.3,59550.720724296894,18971.7845,33,0.0
Indiana,2008,322384300000.0,6424806,322384.3,50178.0598511457,44042.154500000004,4,-0.19999999999999996
Iowa,2008,160469100000.0,3016734,160469.1,53192.98950454366,22383.347999999998,1,0.0
Kansas,2008,147265000000.0,2808076,147265.0,52443.38116204832,12029.0405,3,2.0
Kentucky,2008,186515900000.0,4289878,186515.9,43478.13620806932,12949.384,5,-0.16666666666666663
Louisiana,2008,237061600000.0,4435586,237061.6,53445.38466845192,7436.396000000001,2,-0.33333333333333337
Maine,2008,59845100000.0,1330509,59845.1,44979.10198277501,16962.7855,1,0.0
Maryland,2008,338165400000.0,5684965,338165.4,59484.16568967443,30696.011000000006,6,0.0
Massachusetts,2008,447526800000.0,6468967,447526.8,69180.56623259942,4445.1935,12,0.19999999999999996
Michigan,2008,455256700000.0,9946889,455256.7,45768.75242098308,20739.684,22,0.0
Minnesota,2008,309290400000.0,5247018,309290.4,58945.938435888726,13592.480500000001,19,-0.050000000000000044
Mississippi,2008,109434000000.0,2947806,109434.0,37123.881286624695,5483.9225,0,
Missouri,2008,297881800000.0,5923916,297881.8,50284.60903226852,15682.261999999999,9,-0.09999999999999998
Montana,2008,42049300000.0,976415,42049.3,43064.98773574761,7700.336,0,
Nebraska,2008,99860100000.0,1796378,99860.1,55589.69214719842,11729.562,4,-0.19999999999999996
Nevada,2008,152745600000.0,2653630,152745.6,57561.001345326964,1629.6915,2,0.0
New Hampshire,2008,71195600000.0,1315906,71195.6,54103.86456175441,1772.7235,0,
New Jersey,2008,573202700000.0,8711090,573202.7,65801.48982503911,22564.2895,23,-0.04166666666666663
New Mexico,2008,89012900000.0,2010662,89012.9,44270.44426164119,1164.225,0,
New York,2008,1328095700000.0,19212436,1328095.7,69126.87698738463,251891.90000000002,55,-0.03508771929824561
North Carolina,2008,492688800000.0,9309449,492688.8,52923.518889248975,39505.65549999999,14,0.0
North Dakota,2008,35030400000.0,657569,35030.4,53272.584321949485,13162.264500000001,0,
Ohio,2008,580389000000.0,11515391,580389.0,50401.15442020162,117740.736,28,0.0
Oklahoma,2008,158987800000.0,3668976,158987.8,43333.01716882313,13330.964,4,0.0
Oregon,2008,184842600000.0,3768748,184842.6,49046.155381044315,9255.027,2,1.0
Pennsylvania,2008,665148300000.0,12612285,665148.3,52738.12794430192,99935.081,25,0.0
Rhode Island,2008,54977100000.0,1055003,54977.1,52110.84707815997,1824.8365,2,0.0
South Carolina,2008,192497100000.0,4528996,192497.1,42503.26120844443,30284.855499999998,1,0.0
South Dakota,2008,43278500000.0,799124,43278.5,54157.427382984366,4952.102499999999,0,
Tennessee,2008,298526900000.0,6247411,298526.9,47784.09808479065,4151.2925000000005,8,-0.11111111111111116
Texas,2008,1287191500000.0,24309039,1287191.5,52951.147102112925,39516.1465,58,0.05454545454545445
Utah,2008,133662900000.0,2663029,133662.9,50192.05573803365,14597.4695,1,0.0
Vermont,2008,30168600000.0,624151,30168.6,48335.41883294267,1134.256,0,
Virginia,2008,462034700000.0,7833496,462034.7,58981.92837527459,19074.5225,19,0.11764705882352944
Washington,2008,401093200000.0,6562231,401093.2,61121.469207652095,19809.0665,10,0.0
West Virginia,2008,70966800000.0,1840310,70966.8,38562.41611467633,16268.418000000001,0,
Wisconsin,2008,286204700000.0,5640996,286204.7,50736.554324803634,19358.5075,10,0.11111111111111116
Wyoming,2008,41641200000.0,546043,41641.2,76259.92824740909,12153.4935,0,
Alabama,2009,194192100000.0,4757938,194192.1,40814.34016164145,12929.167,1,0.0
Alaska,2009,54951900000.0,698895,54951.9,78626.8323567918,7741.466999999999,0,
Arizona,2009,277412400000.0,6343154,277412.4,43734.14235252683,9363.943,5,-0.16666666666666663
Arkansas,2009,109833100000.0,2896843,109833.1,37914.757548130845,11465.214,4,0.0
California,2009,2110679400000.0,36961229,2110679.4,57105.22775094952,299929.949,51,-0.019230769230769273
Colorado,2009,275659100000.0,4972195,275659.1,55440.12252134118,14849.581,11,0.10000000000000009
Connecticut,2009,265530800000.0,3561807,265530.8,74549.46323593614,28559.052,11,0.0
Delaware,2009,69186200000.0,891730,69186.2,77586.48918394581,1683.562,1,0.0
District of Columbia,2009,115646000000.0,592228,115646.0,195272.76656963196,487.411,3,0.0
Florida,2009,840480600000.0,18652644,840480.6,45059.59584067546,66513.756,14,0.0
Georgia,2009,464016800000.0,9620846,464016.8,48230.35313110718,6662.887,13,0.08333333333333326
Hawaii,2009,74118500000.0,1346717,74118.5,55036.43304421048,13976.364,0,
Idaho,2009,61276100000.0,1554439,61276.1,39420.073737213235,8552.058,1,-0.5
Illinois,2009,740794300000.0,12796778,740794.3,57889.12646605263,9570.893,32,-0.030303030303030276
Indiana,2009,299789000000.0,6459325,299789.0,46411.81547607529,47549.92800000001,6,0.5
Iowa,2009,156737200000.0,3032870,156737.2,51679.49829699262,37976.643,2,1.0
Kansas,2009,141902500000.0,2832704,141902.5,50094.3621359662,12305.385,3,0.0
Kentucky,2009,178112800000.0,4317074,178112.8,41257.75930641912,13938.134,5,0.0
Louisiana,2009,241868800000.0,4491648,241868.8,53848.56515915762,8285.478000000001,2,0.0
Maine,2009,58771800000.0,1329590,58771.8,44202.9497815116,6400.019000000001,0,-1.0
Maryland,2009,336285800000.0,5730388,336285.8,58684.647531720366,21093.331,7,0.16666666666666674
Massachusetts,2009,441307600000.0,6517613,441307.6,67710.00364704072,3290.198000000001,12,0.0
Michigan,2009,416297100000.0,9901591,416297.1,42043.45544064585,8630.209,21,-0.045454545454545414
Minnesota,2009,296875200000.0,5281203,296875.2,56213.55588868672,16655.913,19,0.0
Mississippi,2009,105360000000.0,2958774,105360.0,35609.343599747735,3623.953,0,
Missouri,2009,289566800000.0,5961088,289566.8,48576.16596164995,15797.247,8,-0.11111111111111116
Montana,2009,40938400000.0,983982,40938.4,41604.82610454256,7200.442000000001,0,
Nebraska,2009,99986400000.0,1812683,99986.4,55159.341153417336,19415.644,4,0.0
Nevada,2009,140304300000.0,2684665,140304.3,52261.38084267497,1510.607,2,0.0
New Hampshire,2009,70498600000.0,1316102,70498.6,53566.21295309938,1860.269,0,
New Jersey,2009,546362199999.99994,8755602,546362.2,62401.44309894396,25146.838,21,-0.08695652173913049
New Mexico,2009,90829200000.0,2036802,90829.2,44594.02533972375,1655.529,0,
New York,2009,1379504600000.0,19307066,1379504.6,71450.76315583114,375422.634,56,0.018181818181818077
North Carolina,2009,473610500000.0,9449566,473610.5,50119.81502642555,41404.202,13,-0.0714285714285714
North Dakota,2009,35971300000.0,664968,35971.3,54094.78350837935,16415.807,1,
Ohio,2009,550982400000.0,11528896,550982.4,47791.427730807874,121394.963,27,-0.0357142857142857
Oklahoma,2009,156856800000.0,3717572,156856.8,42193.345549191785,15930.878,4,0.0
Oregon,2009,176951600000.0,3808600,176951.6,46461.06180748832,11120.14,2,0.0
Pennsylvania,2009,645206700000.0,12666858,645206.7,50936.60164185941,95896.714,24,-0.040000000000000036
Rhode Island,2009,54481500000.0,1053646,54481.5,51707.59439128512,1877.724,2,0.0
South Carolina,2009,184081300000.0,4589872,184081.3,40105.97681155379,28599.885,3,2.0
South Dakota,2009,44255800000.0,807067,44255.8,54835.348242463144,4430.601999999999,0,
Tennessee,2009,287308800000.0,6306019,287308.8,45561.04255315437,3752.587,8,0.0
Texas,2009,1285560200000.0,24801761,1285560.2,51833.424247576615,49381.34599999999,63,0.0862068965517242
Utah,2009,130958600000.0,2723421,130958.6,48086.06528333299,26442.711,1,0.0
Vermont,2009,29565700000.0,624817,29565.7,47318.974995878794,738.7070000000001,0,
Virginia,2009,460075300000.0,7925937,460075.3,58046.8025420843,22662.519,18,-0.052631578947368474
Washington,2009,390814000000.0,6667426,390814.0,58615.4237032402,16284.702,8,-0.19999999999999996
West Virginia,2009,70886500000.0,1847775,70886.5,38363.16651107413,10357.006,0,
Wisconsin,2009,277279400000.0,5669264,277279.4,48909.24112900722,24942.415,10,0.0
Wyoming,2009,40599600000.0,559851,40599.6,72518.5808366869,4806.630000000001,0,
Alabama,2010,199455000000.0,4785514,199455.0,41678.90847252771,15113.917,1,0.0
Alaska,2010,53652000000.0,713982,53652.0,75144.75154835836,9274.800000000001,0,
Arizona,2010,282252500000.0,6407342,282252.5,44051.417889040415,17682.315,5,0.0
Arkansas,2010,113000900000.0,2921998,113000.9,38672.47684632228,14446.084,4,0.0
California,2010,2153852799999.9998,37319550,2153852.8,57713.793440703324,328982.383,57,0.11764705882352944
Colorado,2010,279385600000.0,5047539,279385.6,55350.855139504616,20828.274,8,-0.2727272727272727
Connecticut,2010,266773400000.00003,3579173,266773.4,74534.92748185126,40065.786,11,0.0
Delaware,2010,68291899999.99999,899647,68291.9,75909.6623453421,2389.72,1,0.0
District of Columbia,2010,120393200000.0,605282,120393.2,198904.31237010186,696.198,4,0.33333333333333326
Florida,2010,851956400000.0,18846143,851956.4,45205.875812361184,120848.726,16,0.1428571428571428
Georgia,2010,471588200000.0,9712209,471588.2,48556.22443874509,8923.795,14,0.07692307692307687
Hawaii,2010,76130200000.0,1364004,76130.2,55813.76594203536,14233.186,0,
Idaho,2010,62626400000.0,1570819,62626.4,39868.62904001034,9059.567999999997,1,0.0
Illinois,2010,755391400000.0,12840545,755391.4,58828.60891029158,16553.689,31,-0.03125
Indiana,2010,320731800000.0,6490555,320731.8,49415.15787170743,8444.832,5,-0.16666666666666663
Iowa,2010,161593100000.0,3050819,161593.1,52967.121287759124,12950.176,3,0.5
Kansas,2010,143870100000.0,2858266,143870.1,50334.74841039987,6509.225,2,-0.33333333333333337
Kentucky,2010,186720600000.0,4348464,186720.6,42939.437925667546,20410.096,6,0.19999999999999996
Louisiana,2010,253466900000.0,4544635,253466.9,55772.773831121754,9165.144,3,0.5
Maine,2010,59958500000.0,1327651,59958.5,45161.34134648337,8847.471,0,
Maryland,2010,352622900000.0,5788784,352622.9,60914.84843794483,22825.402,6,-0.1428571428571429
Massachusetts,2010,462330800000.0,6566440,462330.8,70408.13591535139,4884.43,13,0.08333333333333326
Michigan,2010,441271500000.0,9877597,441271.5,44673.97282962648,9469.44,18,-0.1428571428571429
Minnesota,2010,308091900000.0,5310934,308091.9,58010.86965117623,12212.546,21,0.10526315789473695
Mississippi,2010,106711800000.0,2970615,106711.8,35922.46050060341,7168.109,0,
Missouri,2010,295986400000.0,5996089,295986.4,49363.24327407415,13329.841,11,0.375
Montana,2010,42469800000.0,990730,42469.8,42867.178746984544,7543.86,0,
Nebraska,2010,103940800000.0,1829591,103940.8,56810.948457879385,19232.691,5,0.25
Nevada,2010,142614200000.0,2702483,142614.2,52771.54379879541,1081.407,3,0.5
New Hampshire,2010,72950400000.0,1316807,72950.4,55399.462487669036,1804.156,0,
New Jersey,2010,554764400000.0,8799451,554764.4,63045.342260556936,38639.539,18,-0.1428571428571429
New Mexico,2010,90721000000.0,2064614,90721.0,43940.90130164767,1422.955,0,
New York,2010,1431624000000.0,19399956,1431624.0,73795.21891699136,391259.392,56,0.0
North Carolina,2010,482030400000.0,9574586,482030.4,50344.77730943145,27342.38,14,0.07692307692307687
North Dakota,2010,38697400000.0,674752,38697.4,57350.55249928863,6352.675,1,0.0
Ohio,2010,563816300000.0,11539449,563816.3,48859.89790327077,125120.668,23,-0.14814814814814814
Oklahoma,2010,158086400000.0,3760014,158086.4,42044.098771972655,21226.236,4,0.0
Oregon,2010,180738200000.0,3837614,180738.2,47096.503191827,18013.73,2,0.0
Pennsylvania,2010,666805800000.0,12711406,666805.8,52457.28127950598,87913.79600000002,25,0.04166666666666674
Rhode Island,2010,56050600000.0,1053994,56050.6,53179.24010952624,1461.239,2,0.0
South Carolina,2010,188777200000.0,4635846,188777.2,40721.197382311664,71290.446,3,0.0
South Dakota,2010,44810700000.0,816193,44810.7,54902.08810906244,3762.637,0,
Tennessee,2010,292687000000.0,6355518,292687.0,46052.42247760135,1064.262,8,0.0
Texas,2010,1323059100000.0,25241897,1323059.1,52415.20080681733,35163.65500000001,57,-0.09523809523809523
Utah,2010,133739100000.0,2775413,133739.1,48187.0986408149,30812.205,1,0.0
Vermont,2010,30890600000.0,625886,30890.6,49354.99435999527,1665.079,0,
Virginia,2010,475699300000.0,8024004,475699.3,59284.52926992559,28961.491,20,0.11111111111111116
Washington,2010,403471300000.0,6743009,403471.3,59835.49777258194,38073.58,7,-0.125
West Virginia,2010,71823800000.0,1854265,71823.8,38734.37723302764,23867.73199999999,0,
Wisconsin,2010,287652900000.0,5690538,287652.9,50549.33294532081,12435.548,10,0.0
Wyoming,2010,39135800000.0,564531,39135.8,69324.44808168196,5471.379000000001,0,
Alabama,2011,201372800000.0,4799642,201372.8,41955.795869775284,19684.063,1,0.0
Alaska,2011,54045500000.0,722349,54045.5,74819.09714002511,11349.4,0,
Arizona,2011,290411300000.0,6473416,290411.3,44862.14079243478,18626.577,7,0.3999999999999999
Arkansas,2011,115241800000.0,2941038,115241.8,39184.056785393455,14705.327,4,0.0
California,2011,2192887200000.0002,37636311,2192887.2,58265.20032741786,407616.001,53,-0.07017543859649122
Colorado,2011,283963800000.0,5121900,283963.8,55441.105839629825,18141.931,9,0.125
Connecticut,2011,261555800000.0,3588632,261555.8,72884.54207620063,39192.091,12,0.09090909090909083
Delaware,2011,71103500000.0,907590,71103.5,78343.19461430822,2609.902,2,1.0
District of Columbia,2011,122636400000.0,620290,122636.4,197708.16875977366,1221.108,4,0.0
Florida,2011,849395300000.0,19055607,849395.3,44574.560128155455,150764.438,16,0.0
Georgia,2011,481215400000.0,9803630,481215.4,49085.430600706066,11690.663,14,0.0
Hawaii,2011,77174200000.0,1379562,77174.2,55941.08854839434,13103.983,0,
Idaho,2011,62704000000.0,1584272,62704.0,39579.06218124161,9366.051999999998,1,0.0
Illinois,2011,772225600000.0,12867783,772225.6,60012.32690977148,17207.125,31,0.0
Indiana,2011,321532800000.0,6517250,321532.8,49335.655376117225,6983.364,5,0.0
Iowa,2011,164559300000.0,3066772,164559.3,53658.7982412778,36992.22199999999,2,-0.33333333333333337
Kansas,2011,147836800000.0,2869677,147836.8,51516.87803191788,6635.626,3,0.5
Kentucky,2011,188389800000.0,4370817,188389.8,43101.73589971852,20498.849,5,-0.16666666666666663
Louisiana,2011,241235900000.0,4576244,241235.9,52714.8246465879,14979.079,3,0.0
Maine,2011,59429700000.0,1328473,59429.7,44735.34652190899,9918.765000000001,0,
Maryland,2011,360155900000.0,5840241,360155.9,61667.98596153823,20084.54,5,-0.16666666666666663
Massachusetts,2011,472664300000.0,6614218,472664.3,71461.85686652602,4878.927,13,0.0
Michigan,2011,453989100000.0,9883053,453989.1,45936.11913241789,9802.873,22,0.22222222222222232
Minnesota,2011,315213300000.0,5346620,315213.3,58955.6205602792,11653.327,20,-0.04761904761904767
Mississippi,2011,106491100000.0,2979147,106491.1,35745.500305960064,7420.851,0,
Missouri,2011,292984200000.0,6011182,292984.2,48739.865138004476,13658.961,10,-0.09090909090909094
Montana,2011,43532200000.0,997518,43532.2,43640.51576011661,6474.19,0,
Nebraska,2011,109734200000.0,1840914,109734.2,59608.542278455156,19561.651,5,0.0
Nevada,2011,144341200000.0,2713114,144341.2,53201.30300459177,1440.63,3,0.0
New Hampshire,2011,73465000000.0,1320444,73465.0,55636.588904944096,1921.421,0,
New Jersey,2011,548479300000.00006,8828552,548479.3,62125.62377159925,27868.781,19,0.05555555555555558
New Mexico,2011,90552300000.0,2080707,90552.3,43519.96701121302,1821.583,0,
New York,2011,1440346800000.0,19499921,1440346.8,73864.23770639891,405346.6419999999,57,0.017857142857142794
North Carolina,2011,484200300000.0,9658913,484200.3,50129.89556899415,29611.785,15,0.0714285714285714
North Dakota,2011,43300400000.0,685526,43300.4,63163.76038253837,8072.257,0,-1.0
Ohio,2011,580251400000.0,11545735,580251.4,50256.774471265795,159322.228,27,0.17391304347826098
Oklahoma,2011,163859300000.0,3788824,163859.3,43248.06325128853,20304.74,4,0.0
Oregon,2011,185959400000.0,3872672,185959.4,48018.3707786252,20001.272,2,0.0
Pennsylvania,2011,676468300000.0,12747052,676468.3,53068.607549416134,75491.81199999999,23,-0.07999999999999996
Rhode Island,2011,56026600000.0,1053829,56026.6,53164.79239041628,1947.727,2,0.0
South Carolina,2011,193221000000.0,4672655,193221.0,41351.437244992405,84692.65299999999,3,0.0
South Dakota,2011,47630300000.0,823740,47630.3,57822.00694393862,3629.155000000001,0,
Tennessee,2011,301508900000.0,6400298,301508.9,47108.5721321101,3642.49,8,0.0
Texas,2011,1370174900000.0,25645504,1370174.9,53427.489668364484,47372.367,51,-0.10526315789473684
Utah,2011,138301100000.0,2814797,138301.1,49133.596490261996,34418.764,1,0.0
Vermont,2011,31663600000.0,627197,31663.6,50484.29759708672,1711.673,0,
Virginia,2011,479571400000.0,8102437,479571.4,59188.537967033866,29376.417,20,0.0
Washington,2011,411575700000.0,6827479,411575.7,60282.235946826055,45498.36900000001,8,0.1428571428571428
West Virginia,2011,73175200000.0,1856606,73175.2,39413.42428064974,35475.338,0,
Wisconsin,2011,293664000000.0,5705840,293664.0,51467.26862302483,21128.936,9,-0.09999999999999998
Wyoming,2011,38929800000.0,567491,38929.8,68599.85444703088,5419.397999999999,0,
Alabama,2012,203675500000.0,4816632,203675.5,42285.87527550371,17352.984,1,0.0
Alaska,2012,57087400000.0,730810,57087.4,78115.24199176257,5467.944,0,
Arizona,2012,297077300000.0,6556344,297077.3,45311.426612148476,22809.895,6,-0.1428571428571429
Arkansas,2012,116616200000.0,2952876,116616.2,39492.413497891546,15518.374,4,0.0
California,2012,2255437300000.0,37944551,2255437.3,59440.34757454371,401522.758,53,0.0
Colorado,2012,289339500000.0,5193660,289339.5,55710.13504927161,14928.809,9,0.0
Connecticut,2012,263649900000.00003,3595211,263649.9,73333.6374415855,40017.523,14,0.16666666666666674
Delaware,2012,70562400000.0,915518,70562.4,77073.74404435522,4635.72,2,0.0
District of Columbia,2012,123567900000.0,635737,123567.9,194369.52702139405,2018.447,3,-0.25
Florida,2012,857861300000.0,19302016,857861.3,44444.12956656962,136706.54,16,0.0
Georgia,2012,489027300000.0,9903580,489027.3,49378.840782828025,12820.412,15,0.0714285714285714
Hawaii,2012,78694000000.0,1395199,78694.0,56403.4234542886,11145.52,0,
Idaho,2012,62007300000.0,1595910,62007.3,38853.88273774837,11785.529,1,0.0
Illinois,2012,790723300000.0,12883029,790723.3,61377.126450619646,17859.438,32,0.032258064516129004
Indiana,2012,323876200000.0,6538989,323876.2,49530.01144366507,7667.988,6,0.19999999999999996
Iowa,2012,170923700000.0,3076844,170923.7,55551.630176895545,16147.249,3,0.5
Kansas,2012,150077100000.0,2886024,150077.1,52001.33470823528,6160.68,3,0.0
Kentucky,2012,192060100000.0,4387865,192060.1,43770.74043982666,19886.257,6,0.19999999999999996
Louisiana,2012,242416800000.0,4602067,242416.8,52675.63466590121,18143.396,3,0.0
Maine,2012,59181700000.0,1328094,59181.7,44561.37893853899,7094.735999999999,0,
Maryland,2012,361561800000.0,5888375,361561.8,61402.64504213811,21890.225,6,0.19999999999999996
Massachusetts,2012,483286300000.0,6664269,483286.3,72519.02646786917,3918.5,11,-0.15384615384615385
Michigan,2012,463302600000.0,9898289,463302.6,46806.331882207116,12557.954,20,-0.09090909090909094
Minnesota,2012,321053900000.0,5377500,321053.9,59703.18921431892,11524.686,19,-0.050000000000000044
Mississippi,2012,108646500000.0,2984599,108646.5,36402.3776728465,6260.08,0,
Missouri,2012,296514300000.0,6026027,296514.3,49205.60428952608,13041.45,10,0.0
Montana,2012,44329100000.0,1004168,44329.1,44145.103209821464,6841.897000000001,0,
Nebraska,2012,109686300000.0,1853691,109686.3,59171.83608271281,22167.304,5,0.0
Nevada,2012,142986100000.0,2744670,142986.1,52095.916813314536,1166.762,3,0.0
New Hampshire,2012,74082800000.0,1324677,74082.8,55925.18025148772,2241.149,0,
New Jersey,2012,560729700000.0,8845671,560729.7,63390.29565987702,29818.258,21,0.10526315789473695
New Mexico,2012,90762400000.0,2087715,90762.4,43474.51639711359,1793.561,0,
New York,2012,1496280100000.0,19574362,1496280.1,76440.81068900228,382226.391,50,-0.1228070175438597
North Carolina,2012,488126500000.0,9751810,488126.5,50054.96415537218,32529.885,14,-0.06666666666666665
North Dakota,2012,53326800000.0,702227,53326.8,75939.54661384424,6034.991,0,
Ohio,2012,586540900000.0,11550971,586540.9,50778.49299422534,153382.845,28,0.03703703703703698
Oklahoma,2012,172016000000.0,3819320,172016.0,45038.38379606841,23133.843,4,0.0
Oregon,2012,187352400000.0,3900102,187352.4,48037.82054930871,22003.035,2,0.0
Pennsylvania,2012,689007000000.0,12769123,689007.0,53958.834917636865,80600.099,23,0.0
Rhode Island,2012,56487400000.0,1054893,56487.4,53547.99017530688,2028.402,2,0.0
South Carolina,2012,195406100000.0,4719027,195406.1,41408.133498706404,72467.29299999999,1,-0.6666666666666667
South Dakota,2012,48653900000.0,833859,48653.9,58347.874160979256,3447.633,0,
Tennessee,2012,311754200000.0,6455752,311754.2,48290.919477699885,4293.334,9,0.125
Texas,2012,1438354400000.0,26084120,1438354.4,55142.91453957427,146989.38,52,0.019607843137254832
Utah,2012,140622500000.0,2854146,140622.5,49269.55383501755,47388.335,1,0.0
Vermont,2012,31898100000.0,626361,31898.1,50926.06340433073,1653.315,0,
Virginia,2012,483041400000.0,8187456,483041.4,58997.739957320075,33295.328,24,0.19999999999999996
Washington,2012,426447000000.0,6898599,426447.0,61816.46447343874,49553.32600000002,8,0.0
West Virginia,2012,73124500000.0,1857446,73124.5,39368.304650579346,33580.156,0,
Wisconsin,2012,299007600000.0,5720825,299007.6,52266.517504031326,17861.39,9,0.0
Wyoming,2012,38085000000.0,576656,38085.0,66044.57423489915,6879.286,0,
Alabama,2013,206962900000.0,4831586,206962.9,42835.396079051476,13292.741,1,0.0
Alaska,2013,54627600000.0,737626,54627.6,74058.66929853341,6689.384,0,
Arizona,2013,298859900000.0,6634690,298859.9,45045.043551394265,27810.97,6,0.0
Arkansas,2013,119842800000.0,2960459,119842.8,40481.155118175935,16518.947,6,0.5
California,2013,2340335300000.0,38253768,2340335.3,61179.209849340856,346942.036,54,0.018867924528301883
Colorado,2013,301484100000.0,5270774,301484.1,57199.208313617695,14471.683,10,0.11111111111111116
Connecticut,2013,258911000000.0,3595792,258911.0,72003.88676541913,41023.368,16,0.1428571428571428
Delaware,2013,68656800000.0,924062,68656.8,74298.91067915356,4729.141,2,0.0
District of Columbia,2013,124094800000.0,651559,124094.8,190458.27008758992,1848.8,3,0.0
Florida,2013,880183500000.0,19551678,880183.5,45018.30993738747,118781.266,15,-0.0625
Georgia,2013,499900200000.0,9975592,499900.2,50112.33418527943,12697.846,16,0.06666666666666665
Hawaii,2013,80534900000.0,1408822,80534.9,57164.70923935032,13094.794,0,
Idaho,2013,64769800000.0,1612053,64769.8,40178.45567112247,12929.174,1,0.0
Illinois,2013,795435200000.0,12895778,795435.2,61681.83106129774,17999.229,32,0.0
Indiana,2013,333207400000.0,6570575,333207.4,50712.06096878888,10167.12,6,0.0
Iowa,2013,171069100000.0,3093935,171069.1,55291.756290936944,19365.308,2,-0.33333333333333337
Kansas,2013,150702900000.0,2894306,150702.9,52068.75154182039,5708.223,3,0.0
Kentucky,2013,196698000000.0,4406906,196698.0,44634.03576114398,19751.055,5,-0.16666666666666663
Louisiana,2013,236482300000.0,4626040,236482.3,51119.81305825285,15713.11,3,0.0
Maine,2013,59013900000.0,1328543,59013.9,44420.01500892331,6109.793,0,
Maryland,2013,364633200000.0,5925197,364633.2,61539.42223355611,29467.44499999999,4,-0.33333333333333337
Massachusetts,2013,486991800000.0,6715158,486991.8,72521.27202368135,4590.423999999999,12,0.09090909090909083
Michigan,2013,472779900000.0,9914802,472779.9,47684.25027549718,12830.423,19,-0.050000000000000044
Minnesota,2013,329774500000.0,5414722,329774.5,60903.31137960545,14855.954,19,0.0
Mississippi,2013,109032700000.0,2989839,109032.7,36467.74960123271,4863.312,0,
Missouri,2013,302025700000.0,6042989,302025.7,49979.52172343852,13051.11,10,0.0
Montana,2013,45114700000.0,1014158,45114.7,44484.883026116244,6570.018,0,
Nebraska,2013,111382200000.0,1865813,111382.2,59696.33612800425,23274.333,5,0.0
Nevada,2013,144549300000.0,2776956,144549.3,52053.14740312774,1640.871,4,0.33333333333333326
New Hampshire,2013,75503400000.0,1327272,75503.4,56886.15445816683,1788.396,0,
New Jersey,2013,570952400000.0,8857821,570952.4,64457.43258979833,34413.516,21,0.0
New Mexico,2013,90104000000.0,2092833,90104.0,43053.602461352624,2015.961,0,
New York,2013,1501818000000.0,19626488,1501818.0,76519.9560919916,382143.207,52,0.040000000000000036
North Carolina,2013,497456600000.0,9846717,497456.6,50520.04642765706,30649.974,12,-0.1428571428571429
North Dakota,2013,54690900000.0,723149,54690.9,75628.81231945283,7364.184,0,
Ohio,2013,603057400000.0,11579692,603057.4,52078.88085451668,188311.926,27,-0.0357142857142857
Oklahoma,2013,176086800000.0,3853891,176086.8,45690.653939096876,28224.758,4,0.0
Oregon,2013,189609700000.0,3924110,189609.7,48319.1602681882,23083.506,2,0.0
Pennsylvania,2013,704195000000.0,12779538,704195.0,55103.322201475516,66429.4,21,-0.08695652173913049
Rhode Island,2013,57037200000.0,1055560,57037.2,54035.014589412254,1640.778,3,0.5
South Carolina,2013,200147300000.0,4766469,200147.3,41990.68534800079,47732.177,1,0.0
South Dakota,2013,48610100000.0,842751,48610.1,57680.26380271278,3660.854,0,
Tennessee,2013,318347900000.0,6496943,318347.9,48999.64490992148,3430.476,9,0.0
Texas,2013,1511806500000.0,26479646,1511806.5,57093.15373778033,185199.541,52,0.0
Utah,2013,145026900000.0,2898773,145026.9,50030.443915408345,53636.842,1,0.0
Vermont,2013,31494600000.0,626603,31494.6,50262.446876251786,1827.562,0,
Virginia,2013,488741300000.0,8255861,488741.3,59199.31306983003,36017.935,23,-0.04166666666666663
Washington,2013,439472200000.0,6966252,439472.2,63085.88893999241,47122.876,8,0.0
West Virginia,2013,73949000000.0,1854768,73949.0,39869.67642314295,19027.684,0,
Wisconsin,2013,301550500000.0,5738012,301550.5,52553.1316421088,21212.446,10,0.11111111111111116
Wyoming,2013,38408700000.0,582620,38408.7,65924.10147265799,6497.386,0,
Alabama,2014,206070000000.0,4843737,206070.0,42543.59805249542,18532.534,1,0.0
Alaska,2014,53303300000.0,737075,53303.3,72317.3354136282,12031.675,0,
Arizona,2014,301721200000.0,6732873,301721.2,44813.14291833516,18820.149,5,-0.16666666666666663
Arkansas,2014,121409400000.0,2968759,121409.4,40895.67391627276,14994.903,7,0.16666666666666674
California,2014,2428675700000.0,38586706,2428675.7,62940.73663608394,356158.885,54,0.0
Colorado,2014,315399000000.0,5352637,315399.0,58924.04061773664,15745.589,9,-0.09999999999999998
Connecticut,2014,260605800000.0,3595697,260605.8,72477.13030324857,47405.244,15,-0.0625
Delaware,2014,73961700000.0,933131,73961.7,79261.8614106701,2243.868,2,0.0
District of Columbia,2014,126883900000.0,663603,126883.9,191204.530419543,3136.271,2,-0.33333333333333337
Florida,2014,905648500000.0,19853880,905648.5,45615.69325492045,157004.903,16,0.06666666666666665
Georgia,2014,517511900000.0,10071204,517511.9,51385.306066682795,11776.221,17,0.0625
Hawaii,2014,81304900000.0,1415335,81304.9,57445.693069132045,13125.455,0,
Idaho,2014,66784899999.99999,1632248,66784.9,40915.90248540662,12862.935,1,0.0
Illinois,2014,811490100000.0,12885092,811490.1,62978.99153533401,24988.306,33,0.03125
Indiana,2014,343827800000.0,6596019,343827.8,52126.56300717145,23590.723,7,0.16666666666666674
Iowa,2014,180309900000.0,3110643,180309.9,57965.47530526647,10357.01,2,0.0
Kansas,2014,154110100000.0,2901861,154110.1,53107.33353527271,5326.455,1,-0.6666666666666667
Kentucky,2014,196795800000.0,4416992,196795.8,44554.25773920351,14556.867,5,0.0
Louisiana,2014,243042900000.0,4645938,243042.9,52312.98824908985,18778.159,2,-0.33333333333333337
Maine,2014,59589800000.0,1331217,59589.8,44763.40070777341,6857.948,0,
Maryland,2014,370343900000.0,5960064,370343.9,62137.57100594893,29981.26,4,0.0
Massachusetts,2014,496250900000.0,6764864,496250.9,73357.11405284719,18259.928,12,0.0
Michigan,2014,479534900000.0,9932033,479534.9,48281.6458624332,12252.555,20,0.05263157894736836
Minnesota,2014,338623900000.0,5452665,338623.9,62102.45815578254,19378.825,18,-0.052631578947368474
Mississippi,2014,109299600000.0,2991892,109299.6,36531.93363931586,1313.376,0,
Missouri,2014,303617800000.0,6059130,303617.8,50109.14108131035,15065.613,10,0.0
Montana,2014,46166700000.0,1022657,46166.7,45143.875219159505,10428.01,0,
Nebraska,2014,115651900000.0,1879955,115651.9,61518.44060097183,23421.771,5,0.0
Nevada,2014,145303600000.0,2818935,145303.6,51545.56596728906,3438.157000000001,4,0.0
New Hampshire,2014,76836200000.0,1334257,76836.2,57587.256428109424,1448.09,0,
New Jersey,2014,570696400000.0,8867277,570696.4,64359.82545712737,30384.82100000001,21,0.0
New Mexico,2014,92621100000.0,2090236,92621.1,44311.31221546275,4175.116,0,
New York,2014,1535375900000.0,19653431,1535375.9,78122.53748467634,377015.2440000002,54,0.03846153846153855
North Carolina,2014,509782400000.0,9937295,509782.4,51299.91612405589,22614.35,13,0.08333333333333326
North Dakota,2014,60193000000.0,738736,60193.0,81481.07036884625,10784.572,0,
Ohio,2014,624973400000.0,11606573,624973.4,53846.505768757066,94882.275,25,-0.07407407407407407
Oklahoma,2014,186574400000.0,3879187,186574.4,48096.26346963939,30473.702,4,0.0
Oregon,2014,195808200000.0,3965447,195808.2,49378.59464519384,29679.288,2,0.0
Pennsylvania,2014,718691600000.0,12792392,718691.6,56181.17393525777,35432.244,21,0.0
Rhode Island,2014,57602700000.0,1056511,57602.7,54521.62826511035,3225.472,3,0.0
South Carolina,2014,206077900000.0,4826858,206077.9,42694.00508571,22311.739,1,0.0
South Dakota,2014,49640900000.0,849670,49640.9,58423.74098179293,5067.005,0,
Tennessee,2014,323879600000.0,6544617,323879.6,49487.93794961569,4363.565,10,0.11111111111111116
Texas,2014,1559636100000.0,26963092,1559636.1,57843.36974409315,162287.552,52,0.0
Utah,2014,150076300000.0,2938327,150076.3,51075.42489314498,36466.79,1,0.0
Vermont,2014,31847700000.0,625693,31847.7,50899.88221060488,2039.52,0,
Virginia,2014,488918600000.0,8315430,488918.6,58796.55050911378,38439.643,22,-0.04347826086956519
Washington,2014,456186500000.0,7057531,456186.5,64638.256636775666,40357.249,9,0.125
West Virginia,2014,74111300000.0,1850569,74111.3,40047.84474396794,11216.042,0,
Wisconsin,2014,309425800000.0,5753199,309425.8,53783.26040868741,14643.835,10,0.0
Wyoming,2014,39287200000.0,583159,39287.2,67369.61960631663,6444.053,0,
Alabama,2015,208950300000.0,4854803,208950.3,43039.91325703638,24486.963,1,0.0
Alaska,2015,53681100000.0,738430,53681.1,72696.26098614628,11258.203,0,
Arizona,2015,308582800000.0,6832810,308582.8,45161.917278542795,14942.124,5,0.0
Arkansas,2015,121532500000.0,2979732,121532.5,40786.38615821826,16642.711,7,0.0
California,2015,2545979500000.0,38904296,2545979.5,65442.117240728374,568971.5950000001,53,-0.01851851851851849
Colorado,2015,330526100000.0,5454328,330526.1,60598.86754151932,16321.056,9,0.0
Connecticut,2015,268869800000.0,3588561,268869.8,74924.12696899955,55816.528,17,0.1333333333333333
Delaware,2015,76211200000.0,942065,76211.2,80898.02720619066,2199.635,2,0.0
District of Columbia,2015,129110200000.0,677014,129110.2,190705.36207523034,3216.073,2,0.0
Florida,2015,945929000000.0,20219111,945929.0,46783.906572351276,191598.669,15,-0.0625
Georgia,2015,540108500000.0,10183353,540108.5,53038.375474168475,10052.848,20,0.17647058823529416
Hawaii,2015,83857600000.0,1422999,83857.6,58930.188988186215,11520.961,0,
Idaho,2015,67790500000.0,1652495,67790.5,41023.11958583839,12935.976,1,0.0
Illinois,2015,825424900000.0,12859585,825424.9,64187.52238116549,30817.406,34,0.030303030303030276
Indiana,2015,341205200000.0,6611442,341205.2,51608.28757175817,9987.057999999997,6,-0.1428571428571429
Iowa,2015,185989200000.0,3122541,185989.2,59563.41325862495,11277.534,2,0.0
Kansas,2015,158602600000.0,2910717,158602.6,54489.18599781428,6462.316999999999,3,2.0
Kentucky,2015,199487100000.0,4429126,199487.1,45039.83404400778,25794.534,5,0.0
Louisiana,2015,239584100000.0,4666998,239584.1,51335.80515783379,32175.199,2,0.0
Maine,2015,60563000000.0,1329098,60563.0,45566.99355502755,12609.815,0,
Maryland,2015,378745900000.0,5988528,378745.9,63245.24156854572,24852.978,4,0.0
Massachusetts,2015,514398700000.0,6797484,514398.7,75674.86734797758,22664.539,12,0.0
Michigan,2015,490618700000.0,9934483,490618.7,49385.428511981954,12675.635,20,0.0
Minnesota,2015,345456200000.0,5484002,345456.2,62993.44894476698,21455.746,17,-0.05555555555555558
Mississippi,2015,109401700000.0,2990231,109401.7,36586.37075195863,780.616,0,
Missouri,2015,308009900000.0,6075411,308009.9,50697.78818256082,16673.693,10,0.0
Montana,2015,47765600000.0,1031495,47765.6,46307.15611806165,10362.726,0,
Nebraska,2015,119640800000.0,1892059,119640.8,63233.12327998228,22475.42,5,0.0
Nevada,2015,151055900000.0,2868531,151055.9,52659.67144855677,3107.166,4,0.0
New Hampshire,2015,79319300000.0,1337480,79319.3,59305.03633699196,1607.08,0,
New Jersey,2015,581414900000.0,8870312,581414.9,65546.16117223386,33756.028,19,-0.09523809523809523
New Mexico,2015,93503900000.0,2090071,93503.9,44737.18835388846,4084.876,0,
New York,2015,1565835200000.0,19657321,1565835.2,79656.59206562278,370585.4839999999,55,0.0185185185185186
North Carolina,2015,525229100000.0,10037218,525229.1,52328.15507245135,34502.384,14,0.07692307692307687
North Dakota,2015,58694500000.0,755537,58694.5,77685.80493079756,9611.936,0,
Ohio,2015,633274800000.0,11622315,633274.8,54487.83654547308,94299.29400000001,23,-0.07999999999999996
Oklahoma,2015,193792600000.0,3910518,193792.6,49556.759488129195,29952.934,5,0.25
Oregon,2015,205581800000.0,4018542,205581.8,51158.30567404795,31990.073,3,0.5
Pennsylvania,2015,734145100000.0,12789838,734145.1,57400.65667759044,75024.127,18,-0.1428571428571429
Rhode Island,2015,58387900000.0,1056886,58387.9,55245.220392738665,2594.978,3,0.0
South Carolina,2015,213212400000.0,4896006,213212.4,43548.23094579541,27419.285,1,0.0
South Dakota,2015,50860800000.0,854663,50860.8,59509.77168778805,4211.838,0,
Tennessee,2015,335461100000.0,6595354,335461.1,50863.24403511927,3828.567,11,0.10000000000000009
Texas,2015,1634127100000.0,27468531,1634127.1,59490.880673597,185094.332,54,0.03846153846153855
Utah,2015,155431500000.0,2983626,155431.5,52094.833601798615,38168.19700000001,1,0.0
Vermont,2015,32042900000.0,625810,32042.9,51202.28184273182,2199.082,0,
Virginia,2015,498943600000.0,8367303,498943.6,59630.158009098035,43645.755,19,-0.13636363636363635
Washington,2015,476715400000.0,7167287,476715.4,66512.67069394598,38002.018,10,0.11111111111111116
West Virginia,2015,74261400000.0,1843332,74261.4,40286.50291971278,10840.665,0,
Wisconsin,2015,315687800000.0,5762927,315687.8,54779.07320359949,14517.671,8,-0.19999999999999996
Wyoming,2015,40063900000.0,586389,40063.9,68323.07563750343,5160.617,0,
Alabama,2016,212862800000.0,4866824,212862.8,43737.51752683064,24798.503,1,0.0
Alaska,2016,53463900000.0,742575,53463.9,71997.98000201999,10072.65,0,
Arizona,2016,319008400000.0,6944767,319008.4,45935.076007589596,15679.948,4,-0.19999999999999996
Arkansas,2016,123034900000.0,2991815,123034.9,41123.832857312365,17242.823,6,-0.1428571428571429
California,2016,2623711700000.0,39149186,2623711.7,67018.29509303208,547188.8350000002,51,-0.037735849056603765
Colorado,2016,337685200000.0,5543844,337685.2,60911.74282681836,16647.592,10,0.11111111111111116
Connecticut,2016,268196200000.0,3579830,268196.2,74918.69725657364,49460.236,19,0.11764705882352944
Delaware,2016,71941400000.0,949989,71941.4,75728.66633192595,2694.787,2,0.0
District of Columbia,2016,132217799999.99998,687576,132217.8,192295.542601836,4059.615,2,0.0
Florida,2016,978989700000.0,20627237,978989.7,47461.01962177484,156057.854,17,0.1333333333333333
Georgia,2016,561718300000.0,10308442,561718.3,54491.09574463338,13093.428,18,-0.09999999999999998
Hawaii,2016,85670400000.0,1428885,85670.4,59956.11963174083,18032.316,0,
Idaho,2016,70442500000.0,1684036,70442.5,41829.568964083905,14501.235,1,0.0
Illinois,2016,826404700000.0,12821709,826404.7,64453.55295460223,19774.448,36,0.05882352941176472
Indiana,2016,348439200000.0,6637898,348439.2,52492.400455686424,13279.466,7,0.16666666666666674
Iowa,2016,186729900000.0,3133210,186729.9,59596.99477532626,12296.647,3,0.5
Kansas,2016,164643700000.0,2912977,164643.7,56520.76895904087,7385.081000000001,3,0.0
Kentucky,2016,201007200000.0,4440306,201007.2,45268.77201706369,30660.613,4,-0.19999999999999996
Louisiana,2016,235554200000.0,4681346,235554.2,50317.622324861266,27268.166,2,0.0
Maine,2016,62037100000.0,1332348,62037.1,46562.23449128906,11429.706,0,
Maryland,2016,391950900000.0,6007014,391950.9,65248.874066216595,26447.7,4,0.0
Massachusetts,2016,521662800000.0,6827280,521662.8,76408.58438499666,23432.99100000001,12,0.0
Michigan,2016,500159500000.0,9954117,500159.5,50246.49599758572,17120.981,18,-0.09999999999999998
Minnesota,2016,350603600000.0,5525360,350603.6,63453.530629678426,22861.457,17,0.0
Mississippi,2016,109911000000.0,2990595,109911.0,36752.21820406976,2339.335,0,
Missouri,2016,308423300000.0,6091384,308423.3,50632.713353812534,14750.488,10,0.0
Montana,2016,47189600000.0,1042137,47189.6,45281.570465303506,17990.469,0,
Nebraska,2016,121303100000.0,1906483,121303.1,63626.63606231999,25143.505,5,0.0
Nevada,2016,156007400000.0,2919555,156007.4,53435.3351795051,5716.452,2,-0.5
New Hampshire,2016,80736100000.0,1343694,80736.1,60085.18308483926,1520.798,0,
New Jersey,2016,587049700000.0,8873584,587049.7,66157.00037324266,30483.309,19,0.0
New Mexico,2016,93043500000.0,2092555,93043.5,44464.06426593327,4772.978,0,
New York,2016,1590567800000.0,19636391,1590567.8,81001.02508653449,404833.1009999999,55,0.0
North Carolina,2016,536308500000.0,10161802,536308.5,52776.90905609064,37142.04399999999,12,-0.1428571428571429
North Dakota,2016,54756000000.0,756114,54756.0,72417.65130654901,8470.309,0,
Ohio,2016,638157500000.0,11640060,638157.5,54824.24489220846,99329.386,24,0.04347826086956519
Oklahoma,2016,190093500000.0,3928143,190093.5,48392.71380904412,33460.99099999999,5,0.0
Oregon,2016,214769300000.0,4093271,214769.3,52468.8690291945,24831.09,3,0.0
Pennsylvania,2016,744847100000.0,12788468,744847.1,58243.65357914646,73188.503,20,0.11111111111111116
Rhode Island,2016,58630000000.0,1057816,58630.0,55425.51823757629,3372.46,4,0.33333333333333326
South Carolina,2016,220559300000.0,4963031,220559.3,44440.443753021085,30512.353,1,0.0
South Dakota,2016,51264300000.0,863693,51264.3,59354.770734508675,4511.516,0,
Tennessee,2016,343544900000.0,6651277,343544.9,51650.96867864622,7040.422,11,0.0
Texas,2016,1633863300000.0,27914064,1633863.3,58531.90348779024,255132.755,51,-0.05555555555555558
Utah,2016,162528200000.0,3044241,162528.2,53388.742875481934,31465.58,0,-1.0
Vermont,2016,32312700000.0,624366,32312.7,51752.81805863868,1041.249,0,
Virginia,2016,505107700000.0,8417651,505107.7,60005.778334121955,33556.333,21,0.10526315789473695
Washington,2016,495724900000.0,7299961,495724.9,67907.88334348636,35183.19500000001,10,0.0
West Virginia,2016,73513300000.0,1832435,73513.3,40117.82136883437,8233.431,0,
Wisconsin,2016,319272300000.0,5775170,319272.3,55283.619356659634,13442.158,10,0.25
Wyoming,2016,37853500000.0,585243,37853.5,64679.97054215087,5425.544999999999,0,
Alabama,2017,216615500000.0,4877989,216615.5,44406.72170437449,25768.709,1,0.0
Alaska,2017,53550900000.0,740983,53550.9,72270.07907063994,9198.095,0,
Arizona,2017,333099000000.0,7048088,333099.0,47260.90253129643,14008.74,4,0.0
Arkansas,2017,123882600000.0,3003855,123882.6,41241.20505150881,15891.579,6,0.0
California,2017,2740550300000.0,39337785,2740550.3,69667.12284385102,485647.0809999998,53,0.03921568627450989
Colorado,2017,350209100000.0,5617421,350209.1,62343.395661461014,25575.648,10,0.0
Connecticut,2017,273875099999.99997,3575324,273875.1,76601.47723674832,55586.487,18,-0.052631578947368474
Delaware,2017,69555600000.0,957942,69555.6,72609.40641500216,3267.034000000001,2,0.0
District of Columbia,2017,134298799999.99998,697079,134298.8,192659.36859380355,3724.444,2,0.0
Florida,2017,1014866900000.0,20977089,1014866.9,48379.77757543003,201901.742,17,0.0
Georgia,2017,583543300000.0,10417031,583543.3,56018.197507523975,14043.2,17,-0.05555555555555558
Hawaii,2017,87436400000.0,1425763,87436.4,61326.040863734015,11414.756,0,
Idaho,2017,72935100000.0,1719745,72935.1,42410.415497646456,15029.122,2,1.0
Illinois,2017,832826800000.0,12779893,832826.8,65166.9618830142,18582.21,36,0.0
Indiana,2017,357535800000.0,6662068,357535.8,53667.38976546021,16966.067,7,0.0
Iowa,2017,187125000000.0,3143734,187125.0,59523.16576402456,9343.267,3,0.0
Kansas,2017,166273600000.0,2910892,166273.6,57121.184846431956,10358.152,2,-0.33333333333333337
Kentucky,2017,203564000000.0,4455590,203564.0,45687.32760420057,30443.21599999999,3,-0.25
Louisiana,2017,239830700000.0,4673673,239830.7,51315.25033950814,41455.247,2,0.0
Maine,2017,63000600000.0,1335743,63000.6,47165.2106730112,22652.044,0,
Maryland,2017,399714500000.0,6028186,399714.5,66307.5923669243,29520.35600000001,4,0.0
Massachusetts,2017,530129400000.0,6863560,530129.4,77238.25536601996,27737.023,13,0.08333333333333326
Michigan,2017,505101500000.0,9976752,505101.5,50627.84962480775,16946.986,17,-0.05555555555555558
Minnesota,2017,354721900000.0,5569283,354721.9,63692.56150208205,18344.346,18,0.05882352941176472
Mississippi,2017,110281400000.0,2990674,110281.4,36875.09905793811,4269.574000000001,0,
Missouri,2017,311273800000.0,6111382,311273.8,50933.45498612262,15064.354,10,0.0
Montana,2017,48470500000.0,1053862,48470.5,45993.21353270162,18230.27499999999,0,
Nebraska,2017,123219900000.0,1916998,123219.9,64277.531849276835,22608.157,4,-0.19999999999999996
Nevada,2017,163199100000.0,2972097,163199.1,54910.421833473134,10996.862,2,0.0
New Hampshire,2017,81179600000.0,1350395,81179.6,60115.44770233895,1924.282,0,
New Jersey,2017,590086700000.0,8888147,590086.7,66390.29484998391,37415.121,21,0.10526315789473695
New Mexico,2017,93210100000.0,2092844,93210.1,44537.528836358564,4474.459000000001,0,
New York,2017,1624800700000.0,19593849,1624800.7,82924.01865503812,434294.3530000001,54,-0.018181818181818188
North Carolina,2017,546810100000.0,10275758,546810.1,53213.60234446938,32513.09800000001,12,0.0
North Dakota,2017,56530200000.0,756755,56530.2,74700.79484113088,14851.522,0,
Ohio,2017,652187500000.0,11665706,652187.5,55906.38920610549,108542.077,25,0.04166666666666674
Oklahoma,2017,192538600000.0,3933602,192538.6,48947.1481863188,33512.333,5,0.0
Oregon,2017,225534500000.0,4147294,225534.5,54381.121762768686,30549.08,2,-0.33333333333333337
Pennsylvania,2017,754318000000.0,12794679,754318.0,58955.601777895325,92505.39599999996,21,0.050000000000000044
Rhode Island,2017,58771600000.0,1056554,58771.6,55625.74179833686,3791.008,4,0.0
South Carolina,2017,224937600000.0,5027102,224937.6,44744.98428716983,34686.26799999999,0,-1.0
South Dakota,2017,51615100000.0,873732,51615.1,59074.292803743025,3665.413,0,
Tennessee,2017,355417500000.0,6714748,355417.5,52930.876929409715,9433.779,11,0.0
Texas,2017,1667313000000.0,28291024,1667313.0,58934.3461021418,294485.067,50,-0.019607843137254943
Utah,2017,172075000000.0,3103540,172075.0,55444.75018849443,32673.333,0,
Vermont,2017,32589200000.0,625132,32589.2,52131.70978289385,1140.267,0,
Virginia,2017,515167200000.0,8471011,515167.2,60815.314724535245,29624.941,23,0.09523809523809534
Washington,2017,527169400000.0,7427951,527169.4,70971.03898504446,42969.81899999999,10,0.0
West Virginia,2017,75172400000.0,1818683,75172.4,41333.42644100154,11193.344,0,
Wisconsin,2017,321886800000.0,5793147,321886.8,55563.37513962618,13300.449,9,-0.09999999999999998
Wyoming,2017,37620300000.0,579994,37620.3,64863.25720610903,5641.115000000001,0,
Alabama,2018,220808800000.0,4891628,220808.8,45140.14557116772,21652.816,1,0.0
Alaska,2018,52479600000.0,736624,52479.6,71243.40233280479,10811.808,0,
Arizona,2018,346398300000.0,7164228,346398.3,48351.09937874674,12937.292,6,0.5
Arkansas,2018,126371200000.0,3012161,126371.2,41953.667151257854,16325.049,6,0.0
California,2018,2850970300000.0,39437463,2850970.3,72290.91536643724,633060.621,49,-0.07547169811320753
Colorado,2018,365204500000.0,5697155,365204.5,64102.96016169474,30640.42,10,0.0
Connecticut,2018,274582800000.0,3574561,274582.8,76815.810389024,54492.43,16,-0.11111111111111116
Delaware,2018,70856400000.0,966985,70856.4,73275.59372689339,3856.775,1,-0.5
District of Columbia,2018,138056800000.0,704147,138056.8,196062.46991040223,4632.564,2,0.0
Florida,2018,1050433800000.0,21254926,1050433.8,49420.72251862933,186499.418,18,0.05882352941176472
Georgia,2018,600934700000.0,10519389,600934.7,57126.38823414554,18120.602,17,0.0
Hawaii,2018,88836400000.0,1423102,88836.4,62424.47835784083,12981.754,0,
Idaho,2018,77652100000.0,1752074,77652.1,44320.102918027434,15690.791,2,0.0
Illinois,2018,851517200000.0,12724685,851517.2,66918.52882802207,17501.801,37,0.02777777777777768
Indiana,2018,368762900000.0,6698481,368762.9,55051.719934713554,19814.418,8,0.1428571428571428
Iowa,2018,189245100000.0,3149900,189245.1,60079.71681640687,9710.381000000001,3,0.0
Kansas,2018,169796900000.0,2912748,169796.9,58294.40102611005,14274.887,2,0.0
Kentucky,2018,205940100000.0,4464273,205940.1,46130.71378027285,22452.966,3,0.0
Louisiana,2018,245220300000.0,4664450,245220.3,52572.17892784787,37057.152,2,0.0
Maine,2018,64806300000.0,1340123,64806.3,48358.47157313172,15991.134,0,
Maryland,2018,402480900000.0,6042153,402480.9,66612.16622617799,30959.732,3,-0.25
Massachusetts,2018,549262100000.0,6885720,549262.1,79768.28857403438,23000.903,12,-0.07692307692307687
Michigan,2018,516843000000.0,9987286,516843.0,51750.09507087311,7689.982,17,0.0
Minnesota,2018,364799700000.0,5608762,364799.7,65041.03757656324,18502.324,19,0.05555555555555558
Mississippi,2018,110174800000.0,2982879,110174.8,36935.72551886952,9205.489,0,
Missouri,2018,314182400000.0,6125986,314182.4,51286.8295813931,16341.267,11,0.10000000000000009
Montana,2018,49455000000.0,1061818,49455.0,46575.77852324975,8867.207999999999,0,
Nebraska,2018,125543400000.0,1925512,125543.4,65200.009140426024,26564.385,4,0.0
Nevada,2018,168638500000.0,3030725,168638.5,55642.95671827698,7283.496,3,0.5
New Hampshire,2018,82269500000.0,1355064,82269.5,60712.63054733946,8269.039999999999,0,
New Jersey,2018,606892200000.0,8891730,606892.2,68253.55695685766,51295.009,22,0.04761904761904767
New Mexico,2018,96077000000.0,2093754,96077.0,45887.43472251277,3360.115,0,
New York,2018,1665186800000.0,19544098,1665186.8,85201.51710250328,450161.19,58,0.07407407407407418
North Carolina,2018,556573700000.0,10391358,556573.7,53561.2092278988,33719.142,11,-0.08333333333333337
North Dakota,2018,58516400000.0,760062,58516.4,76988.98247774523,16108.458,0,
Ohio,2018,656212000000.0,11680892,656212.0,56178.24392178268,93189.867,25,0.0
Oklahoma,2018,196030500000.0,3943488,196030.5,49709.92684648717,26848.844,5,0.0
Oregon,2018,234308300000.0,4183538,234308.3,56007.212077433025,31254.04599999999,2,0.0
Pennsylvania,2018,763855400000.0,12809107,763855.4,59633.774626131235,101610.656,20,-0.04761904761904767
Rhode Island,2018,58740100000.0,1059338,58740.1,55449.81866033315,3364.527,4,0.0
South Carolina,2018,231663300000.0,5091702,231663.3,45498.20472604249,34291.70299999999,0,
South Dakota,2018,51937800000.0,879386,51937.8,59061.436047423995,4137.189,0,
Tennessee,2018,362363700000.0,6778180,362363.7,53460.324157812276,9231.71,12,0.09090909090909083
Texas,2018,1746543300000.0,28624564,1746543.3,61015.5424550746,228578.3100000001,48,-0.040000000000000036
Utah,2018,182106000000.0,3155153,182106.0,57717.0108707882,27593.284,0,
Vermont,2018,32827800000.000004,624802,32827.8,52541.125028409006,1841.754,0,
Virginia,2018,527767500000.0,8510920,527767.5,62010.62869819009,30596.20700000001,21,-0.08695652173913049
Washington,2018,561785700000.0,7526793,561785.7,74638.12277021568,37093.28799999999,11,0.10000000000000009
West Virginia,2018,77406500000.0,1805953,77406.5,42861.85742375355,10492.922,0,
Wisconsin,2018,328832400000.0,5809319,328832.4,56604.293894000315,15879.688,9,0.0
Wyoming,2018,37977200000.0,579054,37977.2,65584.90227163615,4886.289999999999,0,
Alabama,2019,225272800000.0,4907965,225272.8,45899.43082316194,19763.23,1,0.0
Alaska,2019,52377500000.0,733603,52377.5,71397.60878840463,12502.109,0,
Arizona,2019,359576700000.0,7291843,359576.7,49312.18349051125,17332.044,6,0.0
Arkansas,2019,127220000000.0,3020985,127220.0,42112.09257907603,21098.863,6,0.0
California,2019,2969609000000.0,39437610,2969609.0,75298.9088334714,526918.5850000001,54,0.1020408163265305
Colorado,2019,383725600000.0,5758486,383725.6,66636.54300800593,36586.577,10,0.0
Connecticut,2019,275225400000.0,3566022,275225.4,77179.9500956528,57241.037,14,-0.125
Delaware,2019,74627800000.0,976668,74627.8,76410.61240872026,3826.318,3,2.0
District of Columbia,2019,138909700000.0,708253,138909.7,196130.05522038028,4222.412,2,0.0
Florida,2019,1084913899999.9999,21492056,1084913.9,50479.763313477306,170508.724,19,0.05555555555555558
Georgia,2019,620744900000.0,10628020,620744.9,58406.448237771474,18875.484,18,0.05882352941176472
Hawaii,2019,88855200000.0,1415615,88855.2,62767.913592325596,7325.591,0,
Idaho,2019,81144300000.0,1789060,81144.3,45355.82931818944,17828.263,2,0.0
Illinois,2019,858018300000.0,12667017,858018.3,67736.41339551372,17548.556,36,-0.027027027027026973
Indiana,2019,370507200000.0,6731010,370507.2,55044.814968333136,12357.151,8,0.0
Iowa,2019,188471400000.0,3159596,188471.4,59650.47430114483,9386.675,2,-0.33333333333333337
Kansas,2019,169562300000.0,2912635,169562.3,58216.11702118529,12355.458,2,0.0
Kentucky,2019,211783100000.0,4472345,211783.1,47353.92730212003,26668.173,2,-0.33333333333333337
Louisiana,2019,246674400000.0,4658285,246674.4,52953.909002991444,35142.225,2,0.0
Maine,2019,66758399999.99999,1345770,66758.4,49606.099110546376,32592.625,0,
Maryland,2019,402506200000.0,6054954,402506.2,66475.51740277465,29107.76799999999,3,0.0
Massachusetts,2019,566326800000.0,6894883,566326.8,82137.2603421987,31965.439,16,0.33333333333333326
Michigan,2019,521085100000.0,9984795,521085.1,52187.86164362914,8023.318000000001,16,-0.05882352941176472
Minnesota,2019,369617400000.0,5640053,369617.4,65534.384162702016,20150.907,17,-0.10526315789473684
Mississippi,2019,111207800000.0,2978227,111207.8,37340.26989883578,12170.278,0,
Missouri,2019,321329100000.0,6140475,321329.1,52329.681335727284,15055.845,10,-0.09090909090909094
Montana,2019,50263500000.0,1070123,50263.5,46969.834308766374,8794.139999999998,0,
Nebraska,2019,127568900000.0,1932571,127568.9,66009.94219617287,28167.688,4,0.0
Nevada,2019,176029700000.0,3090771,176029.7,56953.32976787992,7871.899,4,0.33333333333333326
New Hampshire,2019,84438200000.0,1360783,84438.2,62051.18670647708,8432.696,0,
New Jersey,2019,618691000000.0,8891258,618691.0,69584.19157334091,23886.758,20,-0.09090909090909094
New Mexico,2019,100342200000.0,2099634,100342.2,47790.329171655634,3585.944,0,
New York,2019,1704364300000.0,19463131,1704364.3,87568.8654615745,448501.735,56,-0.03448275862068961
North Carolina,2019,567975000000.0,10501384,567975.0,54085.728128787596,32754.09000000001,12,0.09090909090909083
North Dakota,2019,59408500000.0,763724,59408.5,77787.91814844107,12140.358,0,
Ohio,2019,674063900000.0,11696507,674063.9,57629.504261400434,80148.377,24,-0.040000000000000036
Oklahoma,2019,200072200000.0,3960676,200072.2,50514.65961871155,29607.888,5,0.0
Oregon,2019,239794800000.0,4216116,239794.8,56875.75958536245,44222.65900000001,2,0.0
Pennsylvania,2019,771852500000.0,12798883,771852.5,60306.239224157296,85050.99900000001,20,0.0
Rhode Island,2019,60157600000.0,1058158,60157.6,56851.245277170325,5512.38,4,0.0
South Carolina,2019,239021300000.0,5157702,239021.3,46342.595985576525,46983.243,0,
South Dakota,2019,52510200000.0,887127,52510.2,59191.29955462972,2953.214,0,
Tennessee,2019,370197400000.0,6830325,370197.4,54199.090087221324,7439.395,10,-0.16666666666666663
Texas,2019,1806736100000.0,28986794,1806736.1,62329.628450804186,233030.466,49,0.02083333333333326
Utah,2019,192760600000.0,3203383,192760.6,60174.07222302172,7985.508,0,
Vermont,2019,33339400000.0,624046,33339.4,53424.58729003952,2730.590999999999,0,
Virginia,2019,541028000000.0,8556642,541028.0,63229.00969796329,29951.35299999999,21,0.0
Washington,2019,588794400000.0,7614024,588794.4,77330.25270211915,51963.06000000002,11,0.0
West Virginia,2019,77162200000.0,1795263,77162.2,42981.00055535039,11068.061,0,
Wisconsin,2019,333256800000.0,5824581,333256.8,57215.5834041968,17473.89,9,0.0
Wyoming,2019,38577100000.0,580116,38577.1,66498.94159099215,5232.930000000001,0,
Alabama,2020,223025500000.0,5033094,223025.5,44311.80899860006,25695.555,1,0.0
Alaska,2020,50901300000.0,733017,50901.3,69440.81788007646,15193.507,0,
Arizona,2020,366588000000.0,7187135,366588.0,51006.13805083667,16010.502,5,-0.16666666666666663
Arkansas,2020,128395600000.0,3014546,128395.6,42592.01883135968,19921.168,5,-0.16666666666666663
California,2020,2930654600000.0,39521958,2930654.6,74152.56602418331,533900.597,53,-0.01851851851851849
Colorado,2020,380544000000.0,5787129,380544.0,65756.95824302516,34365.638,11,0.10000000000000009
Connecticut,2020,261737100000.0,3579918,261737.1,73112.59643377307,58810.85299999999,13,-0.0714285714285714
Delaware,2020,72728800000.0,991928,72728.8,73320.64424030777,3598.156,2,-0.33333333333333337
District of Columbia,2020,137828900000.0,670917,137828.9,205433.60803199204,5860.668000000001,2,0.0
Florida,2020,1072481600000.0001,21592035,1072481.6,49670.24182759986,184600.202,18,-0.052631578947368474
Georgia,2020,603202500000.0,10732888,603202.5,56201.322514499356,15877.238,18,0.0
Hawaii,2020,79696800000.0,1451252,79696.8,54915.89331143041,11122.545,0,
Idaho,2020,82711600000.0,1849415,82711.6,44723.11514722223,21882.976,2,0.0
Illinois,2020,810693100000.0,12799088,810693.1,63339.91140618769,16055.917,37,0.02777777777777768
Indiana,2020,359963600000.0,6790497,359963.6,53009.90487146964,9591.408,8,0.0
Iowa,2020,187261700000.0,3191141,187261.7,58681.73797397232,11877.131,2,0.0
Kansas,2020,166621400000.0,2938172,166621.4,56709.20558769194,13152.904,2,0.0
Kentucky,2020,206601900000.0,4508318,206601.9,45826.824993268,16843.103,1,-0.5
Louisiana,2020,225636000000.0,4652301,225636.0,48499.87135398161,31965.852,2,0.0
Maine,2020,67639200000.0,1364571,67639.2,49568.1060201338,29035.99,0,
Maryland,2020,389178600000.0,6177935,389178.6,62994.932772844004,33407.022,3,0.0
Massachusetts,2020,560395800000.0,6994598,560395.8,80118.37134886094,31700.411,17,0.0625
Michigan,2020,502622300000.0,10072703,502622.3,49899.4460573294,11191.816,17,0.0625
Minnesota,2020,357831500000.0,5710735,357831.5,62659.447514199135,20511.698,16,-0.05882352941176472
Mississippi,2020,111195000000.0,2958536,111195.0,37584.46745282126,10268.396,0,
Missouri,2020,316158600000.0,6154744,316158.6,51368.27786825902,14826.364,10,0.0
Montana,2020,50062900000.0,1087230,50062.9,46046.28275525878,13131.022,0,
Nebraska,2020,126711200000.0,1963387,126711.2,64537.04745931393,32423.818,5,0.25
Nevada,2020,165924800000.0,3116967,165924.8,53232.774039635326,4764.898,4,0.0
New Hampshire,2020,83682900000.0,1378756,83682.9,60694.49561778879,8221.518,0,
New Jersey,2020,598481300000.0,9272794,598481.3,64541.63653371357,23754.925,17,-0.15000000000000002
New Mexico,2020,98004000000.0,2118606,98004.0,46258.71917666616,5227.599,0,
New York,2020,1667234800000.0,20105171,1667234.8,82925.67121164998,453807.3309999999,54,-0.0357142857142857
North Carolina,2020,564278800000.0,10449652,564278.8,53999.769561704066,35892.18500000001,13,0.08333333333333326
North Dakota,2020,56602800000.0,779563,56602.8,72608.37161332695,18065.251,0,
Ohio,2020,655730100000.0,11798905,655730.1,55575.50467606952,76169.661,27,0.125
Oklahoma,2020,191377000000.0,3965415,191377.0,48261.53126469739,30050.338,5,0.0
Oregon,2020,236651400000.0,4243779,236651.4,55764.308179101696,30486.113,2,0.0
Pennsylvania,2020,738176100000.0,12996143,738176.1,56799.62893606203,103098.941,22,0.10000000000000009
Rhode Island,2020,58132300000.0,1096530,58132.3,53014.782997273214,4594.040000000001,5,0.25
South Carolina,2020,233294400000.0,5132249,233294.4,45456.562999963564,46800.816,0,
South Dakota,2020,53349200000.0,887948,53349.2,60081.446210814145,2913.274000000001,0,
Tennessee,2020,368057000000.0,6927904,368057.0,53126.74655999852,7039.923,10,0.0
Texas,2020,1782738200000.0,29239570,1782738.2,60970.05530519088,205206.977,50,0.020408163265306145
Utah,2020,195323200000.0,3284077,195323.2,59475.828368214265,9205.399,0,
Vermont,2020,32408700000.0,642977,32408.7,50404.13576224344,1669.9,0,
Virginia,2020,535224400000.0,8637615,535224.4,61964.3732673892,35552.565,22,0.04761904761904767
Washington,2020,587167800000.0,7727209,587167.8,75987.047846124,57239.095,11,0.0
West Virginia,2020,74729600000.0,1791646,74729.6,41710.025306338415,10862.315,0,
Wisconsin,2020,324014400000.0,5897375,324014.4,54942.13951122321,14340.014,8,-0.11111111111111116
Wyoming,2020,36463500000.0,577681,36463.5,63120.47652597195,6391.06,0,
Alabama,2021,233951100000.0,5049196,233951.1,46334.32728695816,29812.345,1,0.0
Alaska,2021,51764000000.0,734420,51764.0,70482.82998829008,19671.388,0,
Arizona,2021,396457500000.0,7274078,396457.5,54502.78372049351,15011.508,8,0.6000000000000001
Arkansas,2021,137634800000.0,3026870,137634.8,45470.998093740396,9908.767,4,-0.19999999999999996
California,2021,3151112500000.0,39142565,3151112.5,80503.47492557016,520234.2990000001,53,0.0
Colorado,2021,406309200000.0,5814036,406309.2,69884.19060356695,38436.248,10,-0.09090909090909094
Connecticut,2021,270779800000.0,3606607,270779.8,75078.82062004537,55050.702,14,0.07692307692307687
Delaware,2021,75205500000.0,1005062,75205.5,74826.72710738242,3338.773,2,0.0
District of Columbia,2021,143338700000.0,669256,143338.7,214176.18967928566,8128.666,2,0.0
Florida,2021,1172655300000.0,21831949,1172655.3,53712.80869151902,178360.429,20,0.11111111111111116
Georgia,2021,643748400000.0,10792060,643748.4,59650.18726730578,18798.826,18,0.0
Hawaii,2021,84532000000.0,1447029,84532.0,58417.626737266495,10315.823,0,
Idaho,2021,88955200000.0,1904848,88955.2,46699.36918851268,18210.054,3,0.5
Illinois,2021,857114600000.0,12700641,857114.6,67485.93240293935,32739.43,38,0.027027027027026973
Indiana,2021,386872800000.0,6815907,386872.8,56760.28150031977,10485.205,7,-0.125
Iowa,2021,202470600000.0,3198613,202470.6,63299.498876544305,10579.028,2,0.0
Kansas,2021,170401200000.0,2938338,170401.2,57992.375281536704,15002.554,1,-0.5
Kentucky,2021,215535000000.0,4507583,215535.0,47816.091240028196,18650.568,2,1.0
Louisiana,2021,242582100000.0,4627971,242582.1,52416.51254945202,32115.461,2,0.0
Maine,2021,71353500000.0,1378931,71353.5,51745.51881131108,32392.46300000001,0,
Maryland,2021,407160100000.0,6179403,407160.1,65889.87641686422,28212.49299999999,6,1.0
Massachusetts,2021,597420000000.0,7000474,597420.0,85339.93555293542,23307.621,18,0.05882352941176472
Michigan,2021,528701800000.00006,10041351,528701.8,52652.45682577972,29718.391,17,0.0
Minnesota,2021,377975800000.0,5718660,377975.8,66095.16914801719,22483.42000000001,18,0.125
Mississippi,2021,116078400000.0,2947209,116078.4,39385.87321089207,11143.362,0,
Missouri,2021,331578000000.0,6171374,331578.0,53728.3917649457,14009.154,10,0.0
Montana,2021,53345900000.0,1106522,53345.9,48210.42871266907,8447.295,0,
Nebraska,2021,135166400000.0,1964537,135166.4,68803.18365090604,31337.947,4,-0.19999999999999996
Nevada,2021,182618300000.0,3148141,182618.3,58008.29759531101,4222.929,0,-1.0
New Hampshire,2021,90296700000.0,1387677,90296.7,65070.40182982063,8675.207,0,
New Jersey,2021,631158300000.0,9270541,631158.3,68082.14321041243,59793.41499999999,16,-0.05882352941176472
New Mexico,2021,101499200000.0,2117333,101499.2,47937.28714377946,3054.817,0,
New York,2021,1750551200000.0,19848276,1750551.2,88196.6373301137,417246.3089999998,53,-0.01851851851851849
North Carolina,2021,599293800000.0,10564320,599293.8,56728.099868235724,36870.713,13,0.0
North Dakota,2021,57351300000.0,777966,57351.3,73719.54558425433,35139.613,1,
Ohio,2021,691630000000.0,11767344,691630.0,58775.37021098389,55336.431,25,-0.07407407407407407
Oklahoma,2021,194991200000.0,3992238,194991.2,48842.57902459723,55989.692,3,-0.4
Oregon,2021,250919900000.0,4254280,250919.9,58980.57955752795,37419.218,2,0.0
Pennsylvania,2021,766140000000.0,13015571,766140.0,58863.34145463153,93621.09300000001,24,0.09090909090909083
Rhode Island,2021,60660000000.0,1097246,60660.0,55283.86524079377,10226.63,6,0.19999999999999996
South Carolina,2021,245812000000.0,5194274,245812.0,47323.64907973665,44557.58100000001,0,
South Dakota,2021,56015400000.0,896492,56015.4,62482.877705545616,3193.289,0,
Tennessee,2021,401673700000.0,6965740,401673.7,57664.182125660736,9587.206,10,0.0
Texas,2021,1905512400000.0,29570351,1905512.4,64439.965558744974,255731.862,49,-0.020000000000000018
Utah,2021,211289500000.0,3339738,211289.5,63265.29206782089,8316.189000000002,0,
Vermont,2021,33584300000.000004,647210,33584.3,51890.88549311661,1535.157,0,
Virginia,2021,565790700000.0,8658910,565790.7,65342.023418652,44445.64599999999,22,0.0
Washington,2021,626122200000.0,7743760,626122.2,80855.06265690053,56690.21,8,-0.2727272727272727
West Virginia,2021,76230800000.0,1785618,76230.8,42691.54992837214,9013.091,0,
Wisconsin,2021,334848600000.0,5881608,334848.6,56931.47180158895,15239.075,8,0.0
Wyoming,2021,37182600000.0,579636,37182.6,64148.18955344389,6865.262999999999,0,
Alabama,2022,239846600000.0,5076181,239846.6,47249.41841120322,88219.991,1,0.0
Alaska,2022,50509100000.0,734442,50509.1,68772.07458179134,17157.228,0,
Arizona,2022,413798800000.0,7377566,413798.8,56088.796765762585,7946.421,7,-0.125
Arkansas,2022,138672000000.0,3047704,138672.0,45500.48167407334,9759.707999999999,5,0.25
California,2022,3147211400000.0,39142414,3147211.4,80404.12121745992,490081.8059999999,51,-0.037735849056603765
Colorado,2022,422576100000.0,5850935,422576.1,72223.68732518819,37073.342,10,0.0
Connecticut,2022,279348500000.0,3617925,279348.5,77212.35238430869,60578.799,15,0.0714285714285714
Delaware,2022,81111800000.0,1020625,81111.8,79472.67605633802,3446.375,2,0.0
District of Columbia,2022,143050800000.0,676725,143050.8,211386.90014407624,10560.754,3,0.5
Florida,2022,1245927600000.0,22379312,1245927.6,55673.18602108948,180145.644,22,0.10000000000000009
Georgia,2022,670107200000.0,10931805,670107.2,61298.861441454545,24988.379,19,0.05555555555555558
Hawaii,2022,87491200000.0,1440359,87491.2,60742.63430158731,6337.851,0,
Idaho,2022,92792500000.0,1944299,92792.5,47725.4270047971,20444.262,3,0.0
Illinois,2022,872907500000.0,12621821,872907.5,69158.60239184188,32230.82,37,-0.02631578947368418
Indiana,2022,393481500000.0,6844545,393481.5,57488.335601563,12104.856,8,0.1428571428571428
Iowa,2022,202672500000.0,3202820,202672.5,63279.391286428836,10636.72,2,0.0
Kansas,2022,177776100000.0,2937324,177776.1,60523.14964232751,17633.236,1,0.0
Kentucky,2022,220641800000.0,4519233,220641.8,48822.842283192746,23308.837,2,0.0
Louisiana,2022,240043000000.0,4593687,240043.0,52254.97514306047,31843.839,2,0.0
Maine,2022,72884400000.0,1390922,72884.4,52400.06269222861,24812.47,0,
Maryland,2022,412670700000.0,6192440,412670.7,66641.04940863376,31280.581,3,-0.5
Massachusetts,2022,607470600000.0,7022468,607470.6,86503.86160535015,23616.42300000001,18,0.0
Michigan,2022,539807500000.0,10050877,539807.5,53707.50234034304,30525.914,19,0.11764705882352944
Minnesota,2022,385921800000.0,5721621,385921.8,67449.73146596043,25093.959,16,-0.11111111111111116
Mississippi,2022,115700300000.0,2941939,115700.3,39327.905847130074,9788.540999999997,0,
Missouri,2022,337225400000.0,6179414,337225.4,54572.39149213825,12430.684,8,-0.19999999999999996
Montana,2022,55806900000.0,1122095,55806.9,49734.55901683904,9752.216,0,
Nebraska,2022,139878100000.0,1972246,139878.1,70923.25196755375,32687.157,4,0.0
Nevada,2022,194463900000.0,3176116,194463.9,61226.951408575755,3643.395,2,
New Hampshire,2022,91702100000.0,1396678,91702.1,65657.29538232864,9222.505000000001,0,
New Jersey,2022,648512400000.0,9295227,648512.4,69768.32303288559,65020.91500000002,15,-0.0625
New Mexico,2022,104212800000.0,2113868,104212.8,49299.57783551291,3456.227,0,
New York,2022,1781554100000.0,19703747,1781554.1,90417.02068139629,506283.025,51,-0.037735849056603765
North Carolina,2022,620666500000.0,10710793,620666.5,57947.763531607794,38818.576,13,0.0
North Dakota,2022,57031100000.0,781057,57031.1,73017.84632875706,17874.336,0,-1.0
Ohio,2022,694473400000.0,11777874,694473.4,58964.24091478649,70471.571,25,0.0
Oklahoma,2022,194170900000.0,4026229,194170.9,48226.49183640573,27646.238,3,0.0
Oregon,2022,254237500000.0,4247372,254237.5,59857.60135914631,33801.166,2,0.0
Pennsylvania,2022,776824700000.0,12984990,776824.7,59824.82081233794,88557.83,23,-0.04166666666666663
Rhode Island,2022,61517300000.0,1099498,61517.3,55950.35188786155,8361.413,6,0.0
South Carolina,2022,256608500000.0,5287935,256608.5,48527.16608657255,50056.315,0,
South Dakota,2022,55257200000.0,909723,55257.2,60740.687000328675,4595.753,0,
Tennessee,2022,415451600000.0,7062217,415451.6,58827.362569006305,38959.33,10,0.0
Texas,2022,1975164000000.0,30113488,1975164.0,65590.67484975503,247609.284,53,0.08163265306122458
Utah,2022,217848800000.0,3391011,217848.8,64243.0236882157,8837.531,0,
Vermont,2022,34915900000.0,648142,34915.9,53870.75671689228,1460.157,0,
Virginia,2022,579301800000.0,8683414,579301.8,66713.59905217003,40253.50399999999,21,-0.045454545454545414
Washington,2022,643017600000.0,7794123,643017.6,82500.31466016125,60886.219,10,0.25
West Virginia,2022,77549100000.0,1774122,77549.1,43711.25548299384,9180.282000000001,0,
Wisconsin,2022,341875200000.0,5903975,341875.2,57905.93625481138,19060.693,8,0.0
Wyoming,2022,37690600000.0,581978,37690.6,64762.929182890075,5657.338000000001,0,
Alabama,2023,248313700000.0,5117673,248313.7,48520.82186571905,83778.649,2,1.0
Alaska,2023,54183800000.0,736510,54183.8,73568.315433599,19451.112,0,
Arizona,2023,427644000000.0,7473027,427644.0,57225.00400440143,14011.612,10,0.4285714285714286
Arkansas,2023,141968000000.0,3069463,141968.0,46251.738496277685,9513.651000000002,4,-0.19999999999999996
California,2023,3204016400000.0,39198693,3204016.4,81737.83753453208,594541.351,53,0.03921568627450989
Colorado,2023,440225200000.0,5901339,440225.2,74597.51083610007,39665.229,10,0.0
Connecticut,2023,283228500000.0,3643023,283228.5,77745.46029492539,55924.506,14,-0.06666666666666665
Delaware,2023,82090900000.0,1036423,82090.9,79205.98056970947,3584.063,1,-0.5
District of Columbia,2023,143179200000.0,687324,143179.2,208313.98292508337,10563.918,2,-0.33333333333333337
Florida,2023,1309392200000.0,22904868,1309392.2,57166.546430217364,222882.689,23,0.045454545454545414
Georgia,2023,679447200000.0,11064432,679447.2,61408.23134888442,20739.193,19,0.0
Hawaii,2023,89642200000.0,1441387,89642.2,62191.62514994238,5280.407,0,
Idaho,2023,95286500000.0,1971122,95286.5,48341.24929862282,18670.602,3,0.0
Illinois,2023,884965300000.0,12642259,884965.3,70000.56714547613,45892.027,33,-0.10810810810810811
Indiana,2023,400369500000.0,6880131,400369.5,58192.13326025333,24179.311,7,-0.125
Iowa,2023,201359800000.0,3218414,201359.8,62564.91551428747,10137.542,2,0.0
Kansas,2023,180267500000.0,2951500,180267.5,61076.571234965275,10389.303,1,0.0
Kentucky,2023,226942400000.0,4550595,226942.4,49870.928966431864,26596.145,1,-0.5
Louisiana,2023,248949400000.0,4588071,248949.4,54260.14549469701,31663.714,2,0.0
Maine,2023,75514000000.0,1399646,75514.0,53952.21363116102,47576.00700000001,0,
Maryland,2023,420558000000.0,6217062,420558.0,67645.77866522805,46489.603,3,0.0
Massachusetts,2023,614786100000.0,7066568,614786.1,86999.2477253456,48424.086,17,-0.05555555555555558
Michigan,2023,554556200000.0,10083356,554556.2,54997.18546087235,22654.435,18,-0.052631578947368474
Minnesota,2023,389864500000.0,5753048,389864.5,67766.59954862187,22769.57,15,-0.0625
Mississippi,2023,119454200000.0,2943172,119454.2,40586.890606461326,10030.897,0,
Missouri,2023,346895300000.0,6208038,346895.3,55878.411182405776,17272.09,8,0.0
Montana,2023,58604900000.0,1131302,58604.9,51803.05524077567,9956.071,0,
Nebraska,2023,147146500000.0,1987864,147146.5,74022.41803262195,29145.638,4,0.0
Nevada,2023,201158600000.0,3214363,201158.6,62581.17082607036,4072.717000000001,2,0.0
New Hampshire,2023,93645800000.0,1402199,93645.8,66784.95705673732,2521.016,0,
New Jersey,2023,662320100000.0,9379642,662320.1,70612.51378250898,99832.73300000001,14,-0.06666666666666665
New Mexico,2023,114059200000.0,2121164,114059.2,53771.98557018694,2337.788,0,
New York,2023,1793384500000.0,19737367,1793384.5,90862.3982114737,486576.5779999999,50,-0.019607843137254943
North Carolina,2023,643045800000.0,10881189,643045.8,59097.01596029625,36106.613,13,0.0
North Dakota,2023,62114700000.0,789047,62114.7,78721.166166274,25815.68799999999,0,
Ohio,2023,707996200000.0,11824034,707996.2,59877.72024336195,117471.257,24,-0.040000000000000036
Oklahoma,2023,207072700000.0,4063882,207072.7,50954.40763289879,28880.31,6,1.0
Oregon,2023,258023400000.0,4253653,258023.4,60659.24982597311,40257.488,2,0.0
Pennsylvania,2023,789918500000.0,13017721,789918.5,60680.24502906461,99487.575,23,0.0
Rhode Island,2023,62119300000.0,1103429,62119.3,56296.59905621476,4635.868,4,-0.33333333333333337
South Carolina,2023,266037800000.0,5387830,266037.8,49377.54160766023,53419.952,1,
South Dakota,2023,57253000000.0,918305,57253.0,62346.38818257551,5191.666,0,
Tennessee,2023,428276100000.0,7148304,428276.1,59912.96676806135,67457.25499999999,10,0.0
Texas,2023,2137536700000.0002,30727890,2137536.7,69563.40640375894,282261.79,55,0.037735849056603765
Utah,2023,226322100000.0,3443222,226322.1,65729.74382714795,10119.476,0,
Vermont,2023,35499400000.0,648708,35499.4,54723.23449071077,2833.206,0,
Virginia,2023,599261000000.0,8734685,599261.0,68607.05337399116,57260.55999999999,24,0.1428571428571428
Washington,2023,670977800000.0,7857320,670977.8,85395.24927074372,60479.94699999999,12,0.19999999999999996
West Virginia,2023,80364900000.0,1770495,80364.9,45391.204154770276,8731.716999999999,0,
Wisconsin,2023,347108200000.0,5930405,347108.2,58530.26901198147,16366.53,8,0.0
Wyoming,2023,39843200000.0,585067,39843.2,68100.23467397751,9886.086,0,
